{"cameraMode":{"drawMode":0,"name":"Shaded","section":"Shading Mode"},"sceneLighting":true,"audioPlay":false,"sceneViewState":{"showFog":true,"showMaterialUpdate":true,"showSkybox":true,"showFlares":true,"showImageEffects":true,"showParticleSystems":true},"in2DMode":false,"pivot":{"x":901.8509521484375,"y":-114.72848510742188,"z":180.4168701171875},"rotation":{"x":-0.23635905981063844,"y":-0.038760069757699969,"z":0.00943758524954319,"w":-0.9708486795425415},"size":212.8798828125,"orthographic":false}