{"cameraMode":{"drawMode":0,"name":"Shaded","section":"Shading Mode"},"sceneLighting":false,"audioPlay":false,"sceneViewState":{"showFog":true,"showMaterialUpdate":true,"showSkybox":false,"showFlares":true,"showImageEffects":true,"showParticleSystems":true},"in2DMode":false,"pivot":{"x":0.0000019073486328125,"y":0.6796737909317017,"z":-0.444751501083374},"rotation":{"x":0.0861755758523941,"y":-0.0963885486125946,"z":-0.008376986719667912,"w":-0.9915711283683777},"size":2.7014691829681398,"orthographic":false}