{"cameraMode":{"drawMode":0,"name":"Shaded","section":"Shading Mode"},"sceneLighting":true,"audioPlay":false,"sceneViewState":{"showFog":true,"showMaterialUpdate":true,"showSkybox":true,"showFlares":true,"showImageEffects":true,"showParticleSystems":true},"in2DMode":false,"pivot":{"x":601.84912109375,"y":1.7553443908691407,"z":135.6844482421875},"rotation":{"x":0.10671771317720413,"y":-0.8889470100402832,"z":0.3579633831977844,"w":0.26507604122161868},"size":339.1378173828125,"orthographic":false}